URL, Sector,Industry,Ticker,NSE_Ticker,BSE_Ticker,Company Name
https://www.screener.in/company/360ONE/, Finance ,Finance & Investments ,360ONE,360ONE.NS,360ONE.BO,360 One Wam Limited
https://www.screener.in/company/3RDROCK/, Miscellaneous ,Miscellaneous ,3RDROCK,3RDROCK.NS,3RDROCK.BO,3rd Rock Multimedia Limited
https://www.screener.in/company/AADHARHFC/, Finance ,Finance - Housing ,AADHARHFC,AADHARHFC.NS,AADHARHFC.BO,AADHAR HOUSING FINANCE L
https://www.screener.in/company/AARTIIND/, Chemicals ,Chemicals ,AARTIIND,AARTIIND.NS,AARTIIND.BO,Aarti Industries Limited
https://www.screener.in/company/AAVAS/, Finance ,Finance - Housing ,AAVAS,AAVAS.NS,AAVAS.BO,Aavas Financiers Limited
https://www.screener.in/company/ABB/, Capital Goods - Electrical Equipment ,Electric Equipment ,ABB,ABB.NS,ABB.BO,ABB India Limited
https://www.screener.in/company/ABCAPITAL/, Finance ,Finance & Investments ,ABCAPITAL,ABCAPITAL.NS,ABCAPITAL.BO,Aditya Birla Capital Limited
https://www.screener.in/company/ABFRL/, Retail ,Textiles - Products ,ABFRL,ABFRL.NS,ABFRL.BO,Aditya Birla Fashion and Retail Limited
https://www.screener.in/company/ABMINTLLTD, Cement ,Cement - North India ,ABMINTLLTD,ABMINTLLTD.NS,ABMINTLLTD.BO,ABM International Limited
https://www.screener.in/company/ACC/, Power Generation & Distribution ,Power Generation And Supply ,ACC,ACC.NS,ACC.BO,ACC Limited
https://www.screener.in/company/ADANIENSOL/, Trading ,Trading ,ADANIENSOL,ADANIENSOL.NS,ADANIENSOL.BO, Adani Energy Solutions Limited
https://www.screener.in/company/ADANIENT/, Power Generation & Distribution ,Power Generation And Supply ,ADANIENT,ADANIENT.NS,ADANIENT.BO,Adani Enterprises Limited
https://www.screener.in/company/ADANIGREEN/,Marine Port & Services ,Miscellaneous,ADANIGREEN,ADANIGREEN.NS,ADANIGREEN.BO,Adani Green Energy Limited
https://www.screener.in/company/ADANIPORTS/, Power Generation & Distribution ,Power Generation And Supply ,ADANIPORTS,ADANIPORTS.NS,ADANIPORTS.BO,Adani Ports and Special Economic Zone Limited
https://www.screener.in/company/ADANIPOWER/, Trading ,Trading ,ADANIPOWER,ADANIPOWER.NS,ADANIPOWER.BO,Adani Power Limited
https://www.screener.in/company/AEGISLOG/, IT - Software ,Computers - Software - Medium / Small ,AEGISLOG,AEGISLOG.NS,AEGISLOG.BO,Aegis Logistics Limited
https://www.screener.in/company/AFFLE/, Finance ,Finance & Investments ,AFFLE,AFFLE.NS,AFFLE.BO,Affle (India) Limited
https://www.screener.in/company/AIIL/, Pharmaceuticals ,Pharmaceuticals - Indian - Formulations ,AIIL,AIIL.NS,AIIL.BO,Authum Investment & Infrastructure Limited
https://www.screener.in/company/AJANTPHARM/, Pharmaceuticals ,Pharmaceuticals - Indian - Bulk Drugs & Formln ,AJANTPHARM,AJANTPHARM.NS,AJANTPHARM.BO,Ajanta Pharma Limited 
https://www.screener.in/company/ALKEM/, Consumer Durables ,Electronics - Components ,ALKEM,ALKEM.NS,ALKEM.BO,Alkem Laboratories Limited
https://www.screener.in/company/AMBER/, Cement ,Cement - North India ,AMBER,AMBER.NS,AMBER.BO,Amber Enterprises India Limited
https://www.screener.in/company/AMBUJACEM/, Realty ,Construction ,AMBUJACEM,AMBUJACEM.NS,AMBUJACEM.BO,Ambuja Cements Limited
https://www.screener.in/company/ANANTRAJ/, Stock/ Commodity Brokers ,Finance & Investments ,ANANTRAJ,ANANTRAJ.NS,ANANTRAJ.BO,Anant Raj Limited
https://www.screener.in/company/ANGELONE/, Capital Goods - Electrical Equipment ,Electric Equipment ,ANGELONE,ANGELONE.NS,ANGELONE.BO,Angel One Limited
https://www.screener.in/company/APARINDS/, Steel ,Steel - Large ,APARINDS,APARINDS.NS,APARINDS.BO,APAR Industries Limited
https://www.screener.in/company/APLAPOLLO/, Pharmaceuticals ,Pharmaceuticals - Indian - Bulk Drugs & Formln ,APLAPOLLO,APLAPOLLO.NS,APLAPOLLO.BO,APL Apollo Tubes Limited
https://www.screener.in/company/APLLTD/, Healthcare ,Healthcare ,APLLTD,APLLTD.NS,APLLTD.BO,Alembic Pharmaceuticals Limited
https://www.screener.in/company/APOLLOHOSP/, Tyres ,Tyres ,APOLLOHOSP,APOLLOHOSP.NS,APOLLOHOSP.BO,Apollo Hospitals Enterprise Limited
https://www.screener.in/company/APOLLOTYRE/, Auto Ancillaries ,Auto Ancillaries ,APOLLOTYRE,APOLLOTYRE.NS,APOLLOTYRE.BO,Apollo Tyres Limited
https://www.screener.in/company/ARE&M/, Automobile ,Automobiles - LCVs / HCVs ,ARE&M,ARE&M.NS,ARE&M.BO,Amara Raja Energy & Mobility Limited
https://www.screener.in/company/ASHOKLEY/, Paints/Varnish ,Paints / Varnishes ,ASHOKLEY,ASHOKLEY.NS,ASHOKLEY.BO,Ashok Leyland Limited
https://www.screener.in/company/ASIANPAINT/, Healthcare ,Healthcare ,ASIANPAINT,ASIANPAINT.NS,ASIANPAINT.BO,Asian Paints Limited
https://www.screener.in/company/ASTERDM/, Plastic products ,Plastics Products ,ASTERDM,ASTERDM.NS,ASTERDM.BO,Aster DM Healthcare Limited
https://www.screener.in/company/ASTRAL/, Gas Distribution ,Miscellaneous ,ASTRAL,ASTRAL.NS,ASTRAL.BO,Astral Limited
https://www.screener.in/company/ATGL/, Automobile ,Automobiles - Scooters And 3 - Wheelers ,ATGL,ATGL.NS,ATGL.BO,Adani Total Gas Limited
https://www.screener.in/company/ATULAUTO/, Banks ,Banks - Private Sector ,ATULAUTO,ATULAUTO.NS,ATULAUTO.BO,Atul Auto Limited
https://www.screener.in/company/AUBANK/, Pharmaceuticals ,Pharmaceuticals - Indian - Bulk Drugs & Formln ,AUBANK,AUBANK.NS,AUBANK.BO,AU Small Finance Bank Limited
https://www.screener.in/company/AUROPHARMA/, Banks ,Banks - Private Sector ,AUROPHARMA,AUROPHARMA.NS,AUROPHARMA.BO,Aurobindo Pharma Limited
https://www.screener.in/company/AXISBANK/, Automobile ,Automobiles - Scooters And 3 - Wheelers ,AXISBANK,AXISBANK.NS,AXISBANK.BO,Axis Bank Limited
https://www.screener.in/company/BAJAJ-AUTO/, Finance ,Finance & Investments ,BAJAJ-AUTO,BAJAJ-AUTO.NS,BAJAJ-AUTO.BO,Bajaj Auto Limited
https://www.screener.in/company/BAJAJFINSV/, Finance ,Finance & Investments ,BAJAJFINSV,BAJAJFINSV.NS,BAJAJFINSV.BO,Bajaj Finserv Limited
https://www.screener.in/company/BAJAJHLDNG/, Finance ,Finance & Investments ,BAJAJHLDNG,BAJAJHLDNG.NS,BAJAJHLDNG.BO,Bajaj Holdings & Investment Limited
https://www.screener.in/company/BAJFINANCE/, Tyres ,Tyres ,BAJFINANCE,BAJFINANCE.NS,BAJFINANCE.BO,Bajaj Finance Limited
https://www.screener.in/company/BALKRISIND/, Banks ,Banks - Private Sector ,BALKRISIND,BALKRISIND.NS,BALKRISIND.BO,Balkrishna Industries Limited
https://www.screener.in/company/BANDHANBNK/, Banks ,Banks - Public Sector ,BANDHANBNK,BANDHANBNK.NS,BANDHANBNK.BO,Bandhan Bank Limited
https://www.screener.in/company/BANKBARODA/, Banks ,Banks - Public Sector ,BANKBARODA,BANKBARODA.NS,BANKBARODA.BO,Bank of Baroda Limited
https://www.screener.in/company/BANKINDIA/, Chemicals ,Chemicals ,BANKINDIA,BANKINDIA.NS,BANKINDIA.BO,Bank of India Limited
https://www.screener.in/company/BASF/, Leather ,Leather / Leather Products ,BASF,BASF.NS,BASF.BO,BASF India Limited
https://www.screener.in/company/BATAINDIA/, Agro Chemicals ,Pesticides / Agrochemicals - Multinational ,BATAINDIA,BATAINDIA.NS,BATAINDIA.BO,Bata India Limited
https://www.screener.in/company/BAYERCROP/, Aerospace & Defence ,Engineering ,BAYERCROP,BAYERCROP.NS,BAYERCROP.BO,Bayer CropScience Limited
https://www.screener.in/company/BDL/, Aerospace & Defence ,Electronics - Components ,BDL,BDL.NS,BDL.BO,Bharat Dynamics Limited
https://www.screener.in/company/BEL/, Aerospace & Defence ,Engineering ,BEL,BEL.NS,BEL.BO,Bharat Electronics Limited
https://www.screener.in/company/BEML/, Power Generation & Distribution ,Power Generation And Supply ,BEML,BEML.NS,BEML.BO,BEML Limited
https://www.screener.in/company/BFUTILITIE/,"Castings, Forgings & Fastners ",Castings & Forgings,BFUTILITIE,BFUTILITIE.NS,BFUTILITIE.BO,BF Utilities Limited
https://www.screener.in/company/BHARATFORG/, Telecomm-Service ,Telecommunications - Service Provider ,BHARATFORG,BHARATFORG.NS,BHARATFORG.BO,Bharat Forge Limited
https://www.screener.in/company/BHARTIARTL/, Telecomm-Service ,Telecommunications - Service Provider ,BHARTIARTL,BHARTIARTL.NS,BHARTIARTL.BO,Bharti Airtel Limited
https://www.screener.in/company/BHARTIHEXA/, Capital Goods - Electrical Equipment ,Electric Equipment ,BHARTIHEXA,BHARTIHEXA.NS,BHARTIHEXA.BO,BHARTI HEXACOM LIMITED
https://www.screener.in/company/BHEL/, FMCG ,Food - Processing - Indian ,BHEL,BHEL.NS,BHEL.BO,Bharat Heavy Electricals Limited
https://www.screener.in/company/BIKAJI/, Pharmaceuticals ,Pharmaceuticals - Indian - Bulk Drugs & Formln ,BIKAJI,BIKAJI.NS,BIKAJI.BO,Bikaji Foods International Limited 
https://www.screener.in/company/BIOCON/, IT - Software ,Computers - Software - Medium / Small ,BIOCON,BIOCON.NS,BIOCON.BO,Biocon Limited
https://www.screener.in/company/BLS/, Consumer Durables ,Air-conditioners ,BLS,BLS.NS,BLS.BO,BLS International Services Limited
https://www.screener.in/company/BLUESTARCO/, Auto Ancillaries ,Auto Ancillaries ,BLUESTARCO,BLUESTARCO.NS,BLUESTARCO.BO,Blue Star Limited
https://www.screener.in/company/BOSCHLTD/, Refineries ,Refineries ,BOSCHLTD,BOSCHLTD.NS,BOSCHLTD.BO,Bosch Limited
https://www.screener.in/company/BPCL/, Realty ,Construction ,BPCL,BPCL.NS,BPCL.BO,Bharat Petroleum Corporation Limited
https://www.screener.in/company/BRIGADE/, FMCG ,Food - Processing - MNC ,BRIGADE,BRIGADE.NS,BRIGADE.BO,Brigade Enterprises Limited
https://www.screener.in/company/BRITANNIA/, Financial Services ,Miscellaneous ,BRITANNIA,BRITANNIA.NS,BRITANNIA.BO,Britannia Industries Limited
https://www.screener.in/company/BSE/, IT - Software ,Computers - Software - Medium / Small ,BSE,BSE.NS,BSE.BO,BSE Limited
https://www.screener.in/company/BSOFT/, Financial Services ,Miscellaneous ,BSOFT,BSOFT.NS,BSOFT.BO,Birlasoft Limited
https://www.screener.in/company/CAMS/, Banks ,Banks - Public Sector ,CAMS,CAMS.NS,CAMS.BO,Precision Camshafts Limited
https://www.screener.in/company/CANBK/, Finance ,Finance & Investments ,CANBK,CANBK.NS,CANBK.BO, Canara Bank
https://www.screener.in/company/CAPTRUST/, Capital Goods-Non Electrical Equipment ,Abrasives And Grinding Wheels ,CAPTRUST,CAPTRUST.NS,CAPTRUST.BO,Capital Trust Limited
https://www.screener.in/company/CARBORUNIV/, Chemicals ,Chemicals ,CARBORUNIV,CARBORUNIV.NS,CARBORUNIV.BO,Carborundum Universal Limited
https://www.screener.in/company/CASTROLIND/, Financial Services ,Miscellaneous ,CASTROLIND,CASTROLIND.NS,CASTROLIND.BO,Castrol India Limited
https://www.screener.in/company/CDSL/, Banks ,Banks - Public Sector ,CDSL,CDSL.NS,CDSL.BO,Central Depository Services (India) Limited
https://www.screener.in/company/CENTRALBK/, Paper ,Paper ,CENTRALBK,CENTRALBK.NS,CENTRALBK.BO,Central Bank of India
https://www.screener.in/company/CENTURYTEX/, Power Generation & Distribution ,Power Generation And Supply ,CENTURYTEX,CENTURYTEX.NS,CENTURYTEX.BO,Aditya Birla Real Estate Limited
https://www.screener.in/company/CESC/, Capital Goods - Electrical Equipment ,Electric Equipment ,CESC,CESC.NS,CESC.BO,CESC Limited
https://www.screener.in/company/CGPOWER/, Hotels & Restaurants ,Hotels ,CGPOWER,CGPOWER.NS,CGPOWER.BO,CG Power and Industrial Solutions Limited
https://www.screener.in/company/CHALET/, Fertilizers ,Fertilizers ,CHALET,CHALET.NS,CHALET.BO,Chalet Hotels Limited
https://www.screener.in/company/CHAMBLFERT/, Refineries ,Refineries ,CHAMBLFERT,CHAMBLFERT.NS,CHAMBLFERT.BO,Chambal Fertilisers and Chemicals Limited
https://www.screener.in/company/CHENNPETRO/, Finance ,Finance & Investments ,CHENNPETRO,CHENNPETRO.NS,CHENNPETRO.BO,Chennai Petroleum Corporation Limited
https://www.screener.in/company/CHOLAFIN/, Finance ,Finance & Investments ,CHOLAFIN,CHOLAFIN.NS,CHOLAFIN.BO,Cholamandalam Investment and Finance Company Limited
https://www.screener.in/company/CHOLAHLDNG/, Pharmaceuticals ,Pharmaceuticals - Indian - Bulk Drugs & Formln ,CHOLAHLDNG,CHOLAHLDNG.NS,CHOLAHLDNG.BO,Cholamandalam Financial Holdings Limited
https://www.screener.in/company/CIPLA/, Mining & Mineral products ,Mining / Minerals / Metals ,CIPLA,CIPLA.NS,CIPLA.BO,Cipla Limited
https://www.screener.in/company/COALINDIA/, Aerospace & Defence ,Miscellaneous ,COALINDIA,COALINDIA.NS,COALINDIA.BO,Coal India Limited
https://www.screener.in/company/COCHINSHIP/, IT - Software ,Computers - Software - Medium / Small ,COCHINSHIP,COCHINSHIP.NS,COCHINSHIP.BO,Cochin Shipyard Limited
https://www.screener.in/company/COFORGE/, FMCG ,Personal Care - Multinational ,COFORGE,COFORGE.NS,COFORGE.BO,Coforge Limited
https://www.screener.in/company/COLPAL/, Logistics ,Miscellaneous ,COLPAL,COLPAL.NS,COLPAL.BO,Colgate-Palmolive (India) Limited
https://www.screener.in/company/CONCOR/, Finance ,Finance & Investments ,CONCOR,CONCOR.NS,CONCOR.BO,Container Corporation of India Limited
https://www.screener.in/company/CREDITACC/, Consumer Durables ,Electric Equipment ,CREDITACC,CREDITACC.NS,CREDITACC.BO,CreditAccess Grameen Limited
https://www.screener.in/company/CROMPTON/, Capital Goods-Non Electrical Equipment ,Engines ,CROMPTON,CROMPTON.NS,CROMPTON.BO,Crompton Greaves Consumer Electricals Limited
https://www.screener.in/company/CUMMINSIND/, IT - Software ,Computers - Software - Medium / Small ,CUMMINSIND,CUMMINSIND.NS,CUMMINSIND.BO,Cummins India Limited
https://www.screener.in/company/CYIENT/, FMCG ,Personal Care - Indian ,CYIENT,CYIENT.NS,CYIENT.BO,Cyient Limited
https://www.screener.in/company/DABUR/, Aerospace & Defence ,Electronics - Components ,DABUR,DABUR.NS,DABUR.BO,Dabur India Limited
https://www.screener.in/company/DATAPATTNS/, Logistics ,Miscellaneous ,DATAPATTNS,DATAPATTNS.NS,DATAPATTNS.BO, Data Patterns (India) Limited
https://www.screener.in/company/DELHIVERY/, Consumer Durables ,Electronics - Components ,DELHIVERY,DELHIVERY.NS,DELHIVERY.BO,Delhivery Limited
https://www.screener.in/company/DELTAMAGNT/, Quick Service Restaurant ,Hotels ,DELTAMAGNT,DELTAMAGNT.NS,DELTAMAGNT.BO,Delta Manufacturing Limited
https://www.screener.in/company/DEVYANI/, Pharmaceuticals ,Pharmaceuticals - Indian - Bulk Drugs ,DEVYANI,DEVYANI.NS,DEVYANI.BO,Devyani International Limited
https://www.screener.in/company/DIVISLAB/, Consumer Durables ,Electronics - Consumer ,DIVISLAB,DIVISLAB.NS,DIVISLAB.BO,Divi's Laboratories Limited
https://www.screener.in/company/DIXON/, Realty ,Construction ,DIXON,DIXON.NS,DIXON.BO,Dixon Technologies (India) Limited
https://www.screener.in/company/DLF/, Retail ,Trading ,DLF,DLF.NS,DLF.BO,DLF Limited
https://www.screener.in/company/DMART/, Pharmaceuticals ,Pharmaceuticals - Indian - Bulk Drugs & Formln ,DMART,DMART.NS,DMART.BO,Avenue Supermarts Limited
https://www.screener.in/company/DRREDDY/, Automobile ,Automobiles - Motorcycles / Mopeds ,DRREDDY,DRREDDY.NS,DRREDDY.BO,Dr. Reddy's Laboratories Limited 
https://www.screener.in/company/EICHERMOT/, Hotels & Restaurants ,Hotels ,EICHERMOT,EICHERMOT.NS,EICHERMOT.BO,Eicher Motors Limited
https://www.screener.in/company/EIHOTEL/, Capital Goods-Non Electrical Equipment ,Compressors / Drilling Equipment ,EIHOTEL,EIHOTEL.NS,EIHOTEL.BO,EIH Limited
https://www.screener.in/company/ELGIEQUIP/, FMCG ,Personal Care - Indian ,ELGIEQUIP,ELGIEQUIP.NS,ELGIEQUIP.BO,Elgi Equipments Limited
https://www.screener.in/company/EMAMILTD/, Automobile ,Automobiles - Tractors ,EMAMILTD,EMAMILTD.NS,EMAMILTD.BO,Emami Limited
https://www.screener.in/company/ESCORTS/, Auto Ancillaries ,Auto Ancillaries ,ESCORTS,ESCORTS.NS,ESCORTS.BO,Escorts Limited
https://www.screener.in/company/EXIDEIND/, Banks ,Banks - Private Sector ,EXIDEIND,EXIDEIND.NS,EXIDEIND.BO,Exide Industries Limited
https://www.screener.in/company/FEDERALBNK/, Cables ,Cables - Power ,FEDERALBNK,FEDERALBNK.NS,FEDERALBNK.BO,The Federal Bank Limited
https://www.screener.in/company/FINCABLES/, Finance ,Finance & Investments ,FINCABLES,FINCABLES.NS,FINCABLES.BO,Finolex Cables Limited
https://www.screener.in/company/FIVESTAR/, IT - Software ,Computers - Software - Medium / Small ,FIVESTAR,FIVESTAR.NS,FIVESTAR.BO,Five-Star Business Finance Limited
https://www.screener.in/company/FSL/, Gas Distribution ,Miscellaneous ,FSL,FSL.NS,FSL.BO, Firstsource Solutions Limited
https://www.screener.in/company/GAIL/, Shipping ,Shipping ,GAIL,GAIL.NS,GAIL.BO,GAIL (India) Limited
https://www.screener.in/company/GESHIP/, Capital Goods - Electrical Equipment ,Electric Equipment ,GESHIP,GESHIP.NS,GESHIP.BO,The Great Eastern Shipping Company Limited
https://www.screener.in/company/GET&D/, FMCG ,Personal Care - Multinational ,GET&D,GET&D.NS,GET&D.BO,GE T&D India Limited
https://www.screener.in/company/GILLETTE/, Pharmaceuticals ,Pharmaceuticals - Indian - Formulations ,GILLETTE,GILLETTE.NS,GILLETTE.BO,Gillette India Limited
https://www.screener.in/company/GLAND/, Pharmaceuticals ,Pharmaceuticals - Indian - Bulk Drugs & Formln ,GLAND,GLAND.NS,GLAND.BO,Gland Pharma Limited
https://www.screener.in/company/GLENMARK/, Mining & Mineral products ,Mining / Minerals / Metals ,GLENMARK,GLENMARK.NS,GLENMARK.BO,Glenmark Pharmaceuticals Limited
https://www.screener.in/company/GMDCLTD/, Miscellaneous ,Miscellaneous ,GMDCLTD,GMDCLTD.NS,GMDCLTD.BO, Gujarat Mineral Development Corporation Limited
https://www.screener.in/company/GMRINFRA/, Tobacco Products ,Cigarettes ,GMRINFRA,GMRINFRA.NS,GMRINFRA.BO,GMR Airports Limited
https://www.screener.in/company/GODFRYPHLP/, Insurance ,Finance & Investments ,GODFRYPHLP,GODFRYPHLP.NS,GODFRYPHLP.BO,Godfrey Phillips India Limited
https://www.screener.in/company/GODIGIT/, FMCG ,Personal Care - Indian ,GODIGIT,GODIGIT.NS,GODIGIT.BO,GO DIGIT GENERAL INS LTD
https://www.screener.in/company/GODREJCP/, Chemicals ,Chemicals ,GODREJCP,GODREJCP.NS,GODREJCP.BO,Godrej Consumer Products Limited
https://www.screener.in/company/GODREJIND/, Realty ,Construction ,GODREJIND,GODREJIND.NS,GODREJIND.BO,Godrej Industries Limited
https://www.screener.in/company/GODREJPROP/, Textiles ,Textiles - Manmade ,GODREJPROP,GODREJPROP.NS,GODREJPROP.BO,Godrej Properties Limited
https://www.screener.in/company/GRASIM/, Aerospace & Defence ,Miscellaneous ,GRASIM,GRASIM.NS,GRASIM.BO,Grasim Industries Limited
https://www.screener.in/company/GRSE/, Gas Distribution ,Miscellaneous ,GRSE,GRSE.NS,GRSE.BO,Garden Reach Shipbuilders & Engineers Limited
https://www.screener.in/company/GSPL/, Aerospace & Defence ,Engineering ,GSPL,GSPL.NS,GSPL.BO,Gujarat State Petronet Limited
https://www.screener.in/company/HAL/, IT - Software ,Computers - Software - Medium / Small ,HAL,HAL.NS,HAL.BO,Chalet Hotels Limited
https://www.screener.in/company/HAPPSTMNDS/, Consumer Durables ,Electric Equipment ,HAPPSTMNDS,HAPPSTMNDS.NS,HAPPSTMNDS.BO, Happiest Minds Technologies Limited
https://www.screener.in/company/HAVELLS/, Auto Ancillaries ,Auto Ancillaries ,HAVELLS,HAVELLS.NS,HAVELLS.BO,Havells India Limited
https://www.screener.in/company/HBLPOWER/, IT - Hardware ,Computers - Hardware ,HBLPOWER,HBLPOWER.NS,HBLPOWER.BO,HBL Power Systems Limited
https://www.screener.in/company/HCL-INSYS/, IT - Software ,Computers - Software - Large ,HCL-INSYS,HCL-INSYS.NS,HCL-INSYS.BO,HCL Infosystems Limited
https://www.screener.in/company/HCLTECH/, Finance ,Finance & Investments ,HCLTECH,HCLTECH.NS,HCLTECH.BO,HCL Technologies Limited
https://www.screener.in/company/HDFCAMC/, Banks ,Banks - Private Sector ,HDFCAMC,HDFCAMC.NS,HDFCAMC.BO, HDFC Asset Management Company Limited
https://www.screener.in/company/HDFCBANK/, Insurance ,Finance & Investments ,HDFCBANK,HDFCBANK.NS,HDFCBANK.BO,HDFC Bank Limited
https://www.screener.in/company/HDFCLIFE/, Automobile ,Automobiles - Motorcycles / Mopeds ,HDFCLIFE,HDFCLIFE.NS,HDFCLIFE.BO,HDFC Life Insurance Company Limited
https://www.screener.in/company/HEROMOTOCO/, Telecomm Equipment & Infra Services ,Engineering - Turnkey Services ,HEROMOTOCO,HEROMOTOCO.NS,HEROMOTOCO.BO,Hero MotoCorp Limited
https://www.screener.in/company/HFCL/, Non Ferrous Metals ,Aluminium and Aluminium Products ,HFCL,HFCL.NS,HFCL.BO,HFCL Limited
https://www.screener.in/company/HINDALCO/, Non Ferrous Metals ,Mining / Minerals / Metals ,HINDALCO,HINDALCO.NS,HINDALCO.BO,Hindalco Industries Limited
https://www.screener.in/company/HINDCOPPER/, Refineries ,Refineries ,HINDCOPPER,HINDCOPPER.NS,HINDCOPPER.BO, Hindustan Copper Limited
https://www.screener.in/company/HINDPETRO/, FMCG ,Personal Care - Multinational ,HINDPETRO,HINDPETRO.NS,HINDPETRO.BO,Hindustan Petroleum Corporation Limited
https://www.screener.in/company/HINDUNILVR/, Non Ferrous Metals ,Mining / Minerals / Metals ,HINDUNILVR,HINDUNILVR.NS,HINDUNILVR.BO,Hindustan Unilever Limited
https://www.screener.in/company/HINDZINC/, Consumer Durables ,Electronics - Components ,HINDZINC,HINDZINC.NS,HINDZINC.BO,Hindustan Zinc Limited
https://www.screener.in/company/HIRECT/, Chemicals ,Chemicals ,HIRECT,HIRECT.NS,HIRECT.BO,Hind Rectifiers Limited
https://www.screener.in/company/HSCL/, Finance ,Finance - Housing ,HSCL,HSCL.NS,HSCL.BO,Himadri Speciality Chemical Limited
https://www.screener.in/company/HUDCO/, Banks ,Banks - Private Sector ,HUDCO,HUDCO.NS,HUDCO.BO,Housing and Urban Development Corporation Limited
https://www.screener.in/company/ICICIBANK/, Insurance ,Finance & Investments ,ICICIBANK,ICICIBANK.NS,ICICIBANK.BO,ICICI Bank Limited
https://www.screener.in/company/ICICIGI/, Insurance ,Finance & Investments ,ICICIGI,ICICIGI.NS,ICICIGI.BO,ICICI Lombard General Insurance Company Limited
https://www.screener.in/company/ICICIPRULI/, Banks ,Banks - Private Sector ,ICICIPRULI,ICICIPRULI.NS,ICICIPRULI.BO,ICICI Prudential Life Insurance Company Limited
https://www.screener.in/company/IDBI/, Telecomm-Service ,Telecommunications - Service Provider ,IDBI,IDBI.NS,IDBI.BO,IDBI Bank Limited
https://www.screener.in/company/IDEA/, Banks ,Banks - Private Sector ,IDEA,IDEA.NS,IDEA.BO,Vodafone Idea Limited
https://www.screener.in/company/IDFCFIRSTB/, Financial Services ,Miscellaneous ,IDFCFIRSTB,IDFCFIRSTB.NS,IDFCFIRSTB.BO,IDFC First Bank Limited
https://www.screener.in/company/IEX/, Finance ,Finance - Term-Lending Institutions ,IEX,IEX.NS,IEX.BO, Indian Energy Exchange Limited
https://www.screener.in/company/IFCI/, Gas Distribution ,Miscellaneous ,IFCI,IFCI.NS,IFCI.BO,IFCI Limited
https://www.screener.in/company/IGL/, Finance ,Finance & Investments ,IGL,IGL.NS,IGL.BO,Indraprastha Gas Limited
https://www.screener.in/company/IIFL/, Hotels & Restaurants ,Hotels ,IIFL,IIFL.NS,IIFL.BO,IIFL Finance Limited
https://www.screener.in/company/INDHOTEL/, E-Commerce/App based Aggregator ,Miscellaneous ,INDHOTEL,INDHOTEL.NS,INDHOTEL.BO,The Indian Hotels Company Limited
https://www.screener.in/company/INDIAMART/, Banks ,Banks - Public Sector ,INDIAMART,INDIAMART.NS,INDIAMART.BO,Indiamart Intermesh Limited
https://www.screener.in/company/INDIANB/, Air Transport Service ,Transport - Airlines ,INDIANB,INDIANB.NS,INDIANB.BO,Indian Bank
https://www.screener.in/company/INDIGO/, Banks ,Banks - Private Sector ,INDIGO,INDIGO.NS,INDIGO.BO,InterGlobe Aviation Limited
https://www.screener.in/company/INDUSINDBK/, Telecomm Equipment & Infra Services ,Transmisson Line Towers / Equipment ,INDUSINDBK,INDUSINDBK.NS,INDUSINDBK.BO,IndusInd Bank Limited
https://www.screener.in/company/INDUSTOWER/, Capital Goods - Electrical Equipment ,Electric Equipment ,INDUSTOWER,INDUSTOWER.NS,INDUSTOWER.BO, Indus Towers Limited
https://www.screener.in/company/INOXWIND/, IT - Software ,Computers - Software - Medium / Small ,INOXWIND,INOXWIND.NS,INOXWIND.BO,Inox Wind Limited
https://www.screener.in/company/INTELLECT/, Banks ,Banks - Public Sector ,INTELLECT,INTELLECT.NS,INTELLECT.BO,Intellect Design Arena Limited
https://www.screener.in/company/IOB/, Refineries ,Refineries ,IOB,IOB.NS,IOB.BO,Indian Overseas Bank
https://www.screener.in/company/IOC/, Pharmaceuticals ,Pharmaceuticals - Indian - Bulk Drugs & Formln ,IOC,IOC.NS,IOC.BO,Biocon Limited
https://www.screener.in/company/IPCALAB/, Infrastructure Developers & Operators ,Construction ,IPCALAB,IPCALAB.NS,IPCALAB.BO,IPCA Laboratories Limited
https://www.screener.in/company/IRB/, Infrastructure Developers & Operators ,Construction ,IRB,IRB.NS,IRB.BO,IRB Infrastructure Developers Limited
https://www.screener.in/company/IRCON/, Railways ,Travel Agencies ,IRCON,IRCON.NS,IRCON.BO,Ircon International Limited
https://www.screener.in/company/IRCTC/, Finance ,Finance - Term-Lending Institutions ,IRCTC,IRCTC.NS,IRCTC.BO, Indian Railway Catering & Tourism Corporation Limited
https://www.screener.in/company/IREDA/, Finance ,Finance - Term-Lending Institutions ,IREDA,IREDA.NS,IREDA.BO,Indian Renewable Energy Development Agency Limited
https://www.screener.in/company/IRFC/, Stock/ Commodity Brokers ,Finance & Investments ,IRFC,IRFC.NS,IRFC.BO,Indian Railway Finance Corporation Limited
https://www.screener.in/company/ISEC/, Tobacco Products ,Cigarettes ,ISEC,ISEC.NS,ISEC.BO,ICICI Securities Limited
https://www.screener.in/company/ITC/,Finance,Finance & Investments,ITC,ITC.NS,ITC.BO,ITC Limited
https://www.screener.in/company/J&KBANK/, Pharmaceuticals ,Pharmaceuticals - Indian - Bulk Drugs & Formln ,J&KBANK,J&KBANK.NS,J&KBANK.BO,The Jammu and Kashmir Bank Limited
https://www.screener.in/company/JBCHEPHARM/, Auto Ancillaries ,Auto Ancillaries ,JBCHEPHARM,JBCHEPHARM.NS,JBCHEPHARM.BO,JB Chemicals & Pharmaceuticals Limited
https://www.screener.in/company/JBMA/, Steel ,Steel - Large ,JBMA,JBMA.NS,JBMA.BO,JBM Auto Limited
https://www.screener.in/company/JINDALSAW/, Steel ,Steel - Sponge Iron ,JINDALSAW,JINDALSAW.NS,JINDALSAW.BO,Jindal Saw Limited
https://www.screener.in/company/JINDALSTEL/, Finance ,Finance & Investments ,JINDALSTEL,JINDALSTEL.NS,JINDALSTEL.BO,Jindal Steel & Power Limited
https://www.screener.in/company/JIOFIN/, Power Generation & Distribution ,Power Generation And Supply ,JIOFIN,JIOFIN.NS,JIOFIN.BO,Jio Financial Services Limited
https://www.screener.in/company/JSWENERGY/, Marine Port & Services ,Miscellaneous ,JSWENERGY,JSWENERGY.NS,JSWENERGY.BO,JSW Energy Limited
https://www.screener.in/company/JSWINFRA/, Steel ,Steel - Large ,JSWINFRA,JSWINFRA.NS,JSWINFRA.BO,JSW Infrastructure Limited
https://www.screener.in/company/JSWSTEEL/, Quick Service Restaurant ,Hotels ,JSWSTEEL,JSWSTEEL.NS,JSWSTEEL.BO,JSW Steel Limited
https://www.screener.in/company/JUBLFOOD/, Capital Goods-Non Electrical Equipment ,Engineering ,JUBLFOOD,JUBLFOOD.NS,JUBLFOOD.BO,Jubilant FoodWorks Limited 
https://www.screener.in/company/JWL/, FMCG ,Personal Care - Indian ,JWL,JWL.NS,JWL.BO, Jupiter Wagons Limited
https://www.screener.in/company/JYOTHYLAB/, Ceramic Products ,Ceramics - Tiles / Sanitaryware ,JYOTHYLAB,JYOTHYLAB.NS,JYOTHYLAB.BO,Jyothy Labs Limited
https://www.screener.in/company/KAJARIACER/," Diamond, Gems and Jewellery ",Diamond Cutting / Jewellery ,KAJARIACER,KAJARIACER.NS,KAJARIACER.BO,Kajaria Ceramics Limited
https://www.screener.in/company/KALYANKJIL/, Paints/Varnish ,Paints / Varnishes ,KALYANKJIL,KALYANKJIL.NS,KALYANKJIL.BO,Kalyan Jewellers India Limited
https://www.screener.in/company/KANSAINER/, Banks ,Banks - Private Sector ,KANSAINER,KANSAINER.NS,KANSAINER.BO,Kansai Nerolac Paints Limited
https://www.screener.in/company/KARURVYSYA/, Consumer Durables ,Electronics - Components ,KARURVYSYA,KARURVYSYA.NS,KARURVYSYA.BO,The Karur Vysya Bank Limited
https://www.screener.in/company/KAYNES/, Infrastructure Developers & Operators ,Transmisson Line Towers / Equipment ,KAYNES,KAYNES.NS,KAYNES.BO, Kaynes Technology India Limited
https://www.screener.in/company/KEC/, Healthcare ,Healthcare ,KEC,KEC.NS,KEC.BO,RKEC Projects Limited
https://www.screener.in/company/KIMS/, Mining & Mineral products ,Mining / Minerals / Metals ,KIMS,KIMS.NS,KIMS.BO,Krishna Institute of Medical Sciences Limited
https://www.screener.in/company/KIOCL/, Banks ,Banks - Private Sector ,KIOCL,KIOCL.NS,KIOCL.BO,KIOCL Limited
https://www.screener.in/company/KOTAKBANK/, Infrastructure Developers & Operators ,Transmisson Line Towers / Equipment ,KOTAKBANK,KOTAKBANK.NS,KOTAKBANK.BO,Kotak Mahindra Bank Limited
https://www.screener.in/company/KPIL/, IT - Software ,Computers - Software - Medium / Small ,KPIL,KPIL.NS,KPIL.BO,Kalpataru Projects International Limited
https://www.screener.in/company/KPITTECH/, Healthcare ,Healthcare ,KPITTECH,KPITTECH.NS,KPITTECH.BO,KPIT Technologies Limited
https://www.screener.in/company/LALPATHLAB/, Pharmaceuticals ,Pharmaceuticals - Indian - Bulk Drugs & Formln ,LALPATHLAB,LALPATHLAB.NS,LALPATHLAB.BO,Dr. Lal PathLabs Limited
https://www.screener.in/company/LAURUSLABS/, Finance ,Finance - Housing ,LAURUSLABS,LAURUSLABS.NS,LAURUSLABS.BO,Laurus Labs Limited
https://www.screener.in/company/LICHSGFIN/, Insurance ,Finance & Investments ,LICHSGFIN,LICHSGFIN.NS,LICHSGFIN.BO,LIC Housing Finance Limited
https://www.screener.in/company/LICI/, Mining & Mineral products ,Mining / Minerals / Metals ,LICI,LICI.NS,LICI.BO,Life Insurance Corporation of India
https://www.screener.in/company/LLOYDSME/, Realty ,Construction ,LLOYDSME,LLOYDSME.NS,LLOYDSME.BO,Lloyds Metals & Energy
https://www.screener.in/company/LODHA/, Infrastructure Developers & Operators ,Engineering - Turnkey Services ,LODHA,LODHA.NS,LODHA.BO,Macrotech Developers Limited
https://www.screener.in/company/LT/, Finance ,Finance & Investments ,LT,LT.NS,LT.BO,Larsen & Toubro Infotech Limited
https://www.screener.in/company/LTF/, IT - Software ,Computers - Software - Large ,LTF,LTF.NS,LTF.BO,L&T Finance Limited
https://www.screener.in/company/LTIM/, Pharmaceuticals ,Pharmaceuticals - Indian - Bulk Drugs & Formln ,LTIM,LTIM.NS,LTIM.BO,3rd Rock Multimedia Limited
https://www.screener.in/company/LUPIN/, Automobile ,Automobiles - Passenger Cars ,LUPIN,LUPIN.NS,LUPIN.BO,Lupin Limited
https://www.screener.in/company/M&M/,Trading,Trading ,M&M,M&M.NS,M&M.BO,Mahindra & Mahindra Limited
https://www.screener.in/company/M&MFIN/, Banks ,Banks - Public Sector ,M&MFIN,M&MFIN.NS,M&MFIN.BO,Mahindra & Mahindra Financial Services Limited
https://www.screener.in/company/MAHABANK/, Finance ,Finance & Investments ,MAHABANK,MAHABANK.NS,MAHABANK.BO,Bank of Maharashtra
https://www.screener.in/company/MANAPPURAM/, Pharmaceuticals ,Pharmaceuticals - Indian - Bulk Drugs & Formln ,MANAPPURAM,MANAPPURAM.NS,MANAPPURAM.BO,Manappuram Finance Limited
https://www.screener.in/company/MANKIND/, Edible Oil ,Solvent Extraction ,MANKIND,MANKIND.NS,MANKIND.BO,Mankind Pharma Limited
https://www.screener.in/company/MARICO/, Automobile ,Automobiles - Passenger Cars ,MARICO,MARICO.NS,MARICO.BO,Marico Limited
https://www.screener.in/company/MARUTI/, Healthcare ,Healthcare ,MARUTI,MARUTI.NS,MARUTI.BO,Maruti Suzuki India Limited
https://www.screener.in/company/MAXHEALTH/, Ship Building ,Miscellaneous ,MAXHEALTH,MAXHEALTH.NS,MAXHEALTH.BO,Max Healthcare Institute Limited
https://www.screener.in/company/MAZDOCK/, Financial Services ,Miscellaneous ,MAZDOCK,MAZDOCK.NS,MAZDOCK.BO,Mazagon Dock Shipbuilders Limited
https://www.screener.in/company/MCX/, Leather ,Leather / Leather Products ,MCX,MCX.NS,MCX.BO, Multi Commodity Exchange of India Limited
https://www.screener.in/company/METROBRAND/, Finance ,Finance & Investments ,METROBRAND,METROBRAND.NS,METROBRAND.BO,Metro Brands Limited
https://www.screener.in/company/MFSL/, Gas Distribution ,Miscellaneous ,MFSL,MFSL.NS,MFSL.BO,Max Financial Services Limited
https://www.screener.in/company/MGL/, Real Estate Investment Trusts ,Construction ,MGL,MGL.NS,MGL.BO,Mahanagar Gas Limited
https://www.screener.in/company/MINDSPACE/, Mining & Mineral products ,Mining / Minerals / Metals ,MINDSPACE,MINDSPACE.NS,MINDSPACE.BO,Mindspace Business Parks REIT 
https://www.screener.in/company/MOIL/,Banks,Banks - Private Sector ,MOIL,MOIL.NS,MOIL.BO,MOIL Limited
https://www.screener.in/company/MOTHERSON/, Stock/ Commodity Brokers ,Finance & Investments ,MOTHERSON,MOTHERSON.NS,MOTHERSON.BO,Samvardhana Motherson International Limited 
https://www.screener.in/company/MOTILALOFS/, IT - Software ,Computers - Software - Large ,MOTILALOFS,MOTILALOFS.NS,MOTILALOFS.BO,Motilal Oswal Financial Services Limited
https://www.screener.in/company/MPHASIS/, Tyres ,Tyres ,MPHASIS,MPHASIS.NS,MPHASIS.BO,MphasiS Limited
https://www.screener.in/company/MRF/, Refineries ,Refineries ,MRF,MRF.NS,MRF.BO,MRF Limited
https://www.screener.in/company/MRPL/, Finance ,Finance & Investments ,MRPL,MRPL.NS,MRPL.BO,Mangalore Refinery and Petrochemicals Limited
https://www.screener.in/company/MUTHOOTFIN/, Finance ,Finance & Investments ,MUTHOOTFIN,MUTHOOTFIN.NS,MUTHOOTFIN.BO,Muthoot Finance Limited
https://www.screener.in/company/NAM-INDIA/, Pharmaceuticals ,Pharmaceuticals - Indian - Bulk Drugs & Formln ,NAM-INDIA,NAM-INDIA.NS,NAM-INDIA.BO,Nippon Life India Asset Management Limited
https://www.screener.in/company/NATCOPHARM/, Non Ferrous Metals ,Aluminium and Aluminium Products ,NATCOPHARM,NATCOPHARM.NS,NATCOPHARM.BO,NATCO Pharma Limited
https://www.screener.in/company/NATIONALUM/, E-Commerce/App based Aggregator ,Miscellaneous ,NATIONALUM,NATIONALUM.NS,NATIONALUM.BO,National Aluminium Company Limited
https://www.screener.in/company/NAUKRI/, Chemicals ,Chemicals ,NAUKRI,NAUKRI.NS,NAUKRI.BO, Info Edge (India) Limited
https://www.screener.in/company/NAVINFLUOR/, Infrastructure Developers & Operators ,Miscellaneous ,NAVINFLUOR,NAVINFLUOR.NS,NAVINFLUOR.BO,Navin Fluorine International Limited
https://www.screener.in/company/NBCC/, Construction ,Construction ,NBCC,NBCC.NS,NBCC.BO,NBCC (India) Limited
https://www.screener.in/company/NCC/, FMCG ,Food - Processing - MNC ,NCC,NCC.NS,NCC.BO,NCC Limited
https://www.screener.in/company/NESTLEIND/, Healthcare ,Healthcare ,NESTLEIND,NESTLEIND.NS,NESTLEIND.BO,Nestlé India Limited 
https://www.screener.in/company/NH/, Power Generation & Distribution ,Power Generation And Supply ,NH,NH.NS,NH.BO,NHPC Limited
https://www.screener.in/company/NHPC/, Insurance ,Finance & Investments ,NHPC,NHPC.NS,NHPC.BO,NHPC Limited
https://www.screener.in/company/NIACL/, Realty ,Construction ,NIACL,NIACL.NS,NIACL.BO,The New India Assurance Company Limited
https://www.screener.in/company/NILASPACES/, Power Generation & Distribution ,Power Generation And Supply ,NILASPACES,NILASPACES.NS,NILASPACES.BO,Nila Spaces Limited
https://www.screener.in/company/NLCINDIA/, Mining & Mineral products ,Mining / Minerals / Metals ,NLCINDIA,NLCINDIA.NS,NLCINDIA.BO,NLC India Limited
https://www.screener.in/company/NMDC/, Steel ,Steel - Medium / Small ,NMDC,NMDC.NS,NMDC.BO,NMDC Limited
https://www.screener.in/company/NSLNISP/, Power Generation & Distribution ,Power Generation And Supply ,NSLNISP,NSLNISP.NS,NSLNISP.BO,NMDC Steel Limited 
https://www.screener.in/company/NTPC/, Stock/ Commodity Brokers ,Finance & Investments ,NTPC,NTPC.NS,NTPC.BO,NTPC Limited
https://www.screener.in/company/NUVAMA/, E-Commerce/App based Aggregator ,Trading ,NUVAMA,NUVAMA.NS,NUVAMA.BO,Nuvama Wealth Management Limited
https://www.screener.in/company/NYKAA/, Realty ,Construction ,NYKAA,NYKAA.NS,NYKAA.BO,FSN E-Commerce Ventures Limited
https://www.screener.in/company/OBEROIRLTY/, IT - Software ,Computers - Software - Medium / Small ,OBEROIRLTY,OBEROIRLTY.NS,OBEROIRLTY.BO, Oberoi Realty Limited
https://www.screener.in/company/OFSS/, Automobile ,Automobiles - LCVs / HCVs ,OFSS,OFSS.NS,OFSS.BO,Oracle Financial Services Software Limited
https://www.screener.in/company/OLECTRA/, Crude Oil & Natural Gas ,Oil Drilling / Allied Services ,OLECTRA,OLECTRA.NS,OLECTRA.BO,Olectra Greentech Limited
https://www.screener.in/company/ONGC/, Readymade Garments/ Apparells ,Textiles - Products ,ONGC,ONGC.NS,ONGC.BO,Oil and Natural Gas Corporation Limited
https://www.screener.in/company/PAGEIND/, Edible Oil ,Solvent Extraction ,PAGEIND,PAGEIND.NS,PAGEIND.BO,Page Industries Limited
https://www.screener.in/company/PATANJALI/, E-Commerce/App based Aggregator ,Miscellaneous ,PATANJALI,PATANJALI.NS,PATANJALI.BO,Patanjali Foods Limited
https://www.screener.in/company/PAYTM/, Finance ,Finance & Investments ,PAYTM,PAYTM.NS,PAYTM.BO,One97 Communications Limited
https://www.screener.in/company/PEL/, IT - Software ,Computers - Software - Large ,PEL,PEL.NS,PEL.BO,Piramal Enterprises Limited
https://www.screener.in/company/PERSISTENT/, Finance ,Finance - Term-Lending Institutions ,PERSISTENT,PERSISTENT.NS,PERSISTENT.BO,Persistent Systems Limited
https://www.screener.in/company/PFC/, Pharmaceuticals ,Pharmaceuticals - Multinational ,PFC,PFC.NS,PFC.BO,Power Finance Corporation Limited
https://www.screener.in/company/PFIZER/, Realty ,Construction ,PFIZER,PFIZER.NS,PFIZER.BO,Pfizer Limited
https://www.screener.in/company/PHOENIXLTD/, Chemicals ,Chemicals ,PHOENIXLTD,PHOENIXLTD.NS,PHOENIXLTD.BO,The Phoenix Mills Limited
https://www.screener.in/company/PIDILITIND/, Agro Chemicals ,Pesticides / Agrochemicals - Indian ,PIDILITIND,PIDILITIND.NS,PIDILITIND.BO,Pidilite Industries Limited
https://www.screener.in/company/PIIND/, Banks ,Banks - Public Sector ,PIIND,PIIND.NS,PIIND.BO,PI Industries Limited
https://www.screener.in/company/PNB/, Finance ,Finance & Investments ,PNB,PNB.NS,PNB.BO,PNB Gilts Limited
https://www.screener.in/company/PNBGILTS/, Finance ,Finance - Housing ,PNBGILTS,PNBGILTS.NS,PNBGILTS.BO,PNB Gilts Limited
https://www.screener.in/company/PNBHOUSING/, IT - Software ,Computers - Software - Medium / Small ,PNBHOUSING,PNBHOUSING.NS,PNBHOUSING.BO,PNB Housing Finance Limited
https://www.screener.in/company/POLICYBZR/, Cables ,Cables - Power ,POLICYBZR,POLICYBZR.NS,POLICYBZR.BO,PB Fintech Limited
https://www.screener.in/company/POLYCAB/, Healthcare ,Healthcare ,POLYCAB,POLYCAB.NS,POLYCAB.BO,Polycab India Limited
https://www.screener.in/company/POLYMED/, Finance ,Finance & Investments ,POLYMED,POLYMED.NS,POLYMED.BO,Poly Medicure Limited
https://www.screener.in/company/POONAWALLA/, Power Generation & Distribution ,Power Generation And Supply ,POONAWALLA,POONAWALLA.NS,POONAWALLA.BO, Poonawalla Fincorp Limited
https://www.screener.in/company/POWERGRID/, Capital Goods - Electrical Equipment ,Electric Equipment ,POWERGRID,POWERGRID.NS,POWERGRID.BO,Power Grid Corporation of India Limited
https://www.screener.in/company/POWERINDIA/, Pharmaceuticals ,Pharmaceuticals - Indian - Bulk Drugs & Formln ,POWERINDIA,POWERINDIA.NS,POWERINDIA.BO,Hitachi Energy India
https://www.screener.in/company/PPLPHARMA/, Auto Ancillaries ,Auto Ancillaries ,PPLPHARMA,PPLPHARMA.NS,PPLPHARMA.BO,Piramal Pharma Limited
https://www.screener.in/company/PRECAM/, Realty ,Construction ,PRECAM,PRECAM.NS,PRECAM.BO,Precision Camshafts Limited
https://www.screener.in/company/PRESTIGE/, Entertainment ,Entertainment / Electronic Media Software ,PRESTIGE,PRESTIGE.NS,PRESTIGE.BO,Prestige Estates Projects Limited
https://www.screener.in/company/PVRINOX/, Alcoholic Beverages ,Breweries & Distilleries ,PVRINOX,PVRINOX.NS,PVRINOX.BO,PVR INOX Limited
https://www.screener.in/company/RADICO/, Cement ,Cement - South India ,RADICO,RADICO.NS,RADICO.BO,Radico Khaitan Limited
https://www.screener.in/company/RAMCOCEM/, Steel ,Steel - Medium / Small ,RAMCOCEM,RAMCOCEM.NS,RAMCOCEM.BO,The Ramco Cements Limited
https://www.screener.in/company/RATNAMANI/, Realty ,Construction ,RATNAMANI,RATNAMANI.NS,RATNAMANI.BO,Ratnamani Metals & Tubes Limited
https://www.screener.in/company/RAYMOND/, Banks ,Banks - Private Sector ,RAYMOND,RAYMOND.NS,RAYMOND.BO,Raymond Limited
https://www.screener.in/company/RBLBANK/, Finance ,Finance - Term-Lending Institutions ,RBLBANK,RBLBANK.NS,RBLBANK.BO,RBL Bank Limited
https://www.screener.in/company/RECLTD/, Trading ,Trading ,RECLTD,RECLTD.NS,RECLTD.BO,REC Limited
https://www.screener.in/company/REDINGTON/, Refineries ,Refineries ,REDINGTON,REDINGTON.NS,REDINGTON.BO,Redington (India) Limited
https://www.screener.in/company/RELIANCE/, Logistics ,Miscellaneous ,RELIANCE,RELIANCE.NS,RELIANCE.BO,Reliance Industries Limited
https://www.screener.in/company/RIIL/, Miscellaneous ,Miscellaneous ,RIIL,RIIL.NS,RIIL.BO,Reliance Industrial Infrastructure Limited
https://www.screener.in/company/RITES/, Infrastructure Developers & Operators ,Construction ,RITES,RITES.NS,RITES.BO,RITES Limited
https://www.screener.in/company/RKEC/," Castings, Forgings & Fastners ",Castings & Forgings ,RKEC,RKEC.NS,RKEC.BO,RKEC Projects Limited
https://www.screener.in/company/RKFORGE/, Power Generation & Distribution ,Power Generation And Supply ,RKFORGE,RKFORGE.NS,RKFORGE.BO, Ramkrishna Forgings Limited
https://www.screener.in/company/RPOWER/, Infrastructure Developers & Operators ,Construction ,RPOWER,RPOWER.NS,RPOWER.BO,Reliance Power Limited
https://www.screener.in/company/RVNL/, Steel ,Steel - Large ,RVNL,RVNL.NS,RVNL.BO,Rail Vikas Nigam Limited
https://www.screener.in/company/SAIL/, Finance ,Finance & Investments ,SAIL,SAIL.NS,SAIL.BO,Steel Authority of India Limited
https://www.screener.in/company/SBICARD/, Insurance ,Finance & Investments ,SBICARD,SBICARD.NS,SBICARD.BO,SBI Cards and Payment Services Limited
https://www.screener.in/company/SBILIFE/, Banks ,Banks - Public Sector ,SBILIFE,SBILIFE.NS,SBILIFE.BO,SBI Life Insurance Company Limited
https://www.screener.in/company/SBIN/, Cement ,Cement - North India ,SBIN,SBIN.NS,SBIN.BO,State Bank of India
https://www.screener.in/company/SHREECEM/, Finance ,Finance & Investments ,SHREECEM,SHREECEM.NS,SHREECEM.BO,Shree Cement Limited
https://www.screener.in/company/SHRIRAMFIN/, Steel ,Steel - Large ,SHRIRAMFIN,SHRIRAMFIN.NS,SHRIRAMFIN.BO,Shriram Finance Limited
https://www.screener.in/company/SHYAMMETL/, Capital Goods - Electrical Equipment ,Electric Equipment ,SHYAMMETL,SHYAMMETL.NS,SHYAMMETL.BO,Shyam Metalics and Energy Limited
https://www.screener.in/company/SIEMENS/, Realty ,Construction ,SIEMENS,SIEMENS.NS,SIEMENS.BO,Siemens Limited
https://www.screener.in/company/SIGNATURE/, Power Generation & Distribution ,Power Generation And Supply ,SIGNATURE,SIGNATURE.NS,SIGNATURE.BO,Signatureglobal (India) Limited
https://www.screener.in/company/SJVN/,Aerospace & Defence,Chemicals ,SJVN,SJVN.NS,SJVN.BO,SJVN Limited
https://www.screener.in/company/SOLARINDS/, Auto Ancillaries ,Auto Ancillaries ,SOLARINDS,SOLARINDS.NS,SOLARINDS.BO,Solar Industries India Limited
https://www.screener.in/company/SONACOMS/, IT - Software ,Computers - Software - Medium / Small,SONACOMS,SONACOMS.NS,SONACOMS.BO,Sona BLW Precision Forgings Limited
https://www.screener.in/company/SONATSOFTW/, Pharmaceuticals ,Miscellaneous ,SONATSOFTW,SONATSOFTW.NS,SONATSOFTW.BO,Sonata Software Limited
https://www.screener.in/company/SPARC/, Chemicals ,Chemicals ,SPARC,SPARC.NS,SPARC.BO,Sun Pharma Advanced Research Company Limited
https://www.screener.in/company/SRF/, Insurance ,Finance & Investments ,SRF,SRF.NS,SRF.BO,SRF Limited
https://www.screener.in/company/STARHEALTH/, Agro Chemicals ,Pesticides / Agrochemicals - Indian ,STARHEALTH,STARHEALTH.NS,STARHEALTH.BO,Star Health and Allied Insurance Company Limited
https://www.screener.in/company/SUMICHEM/, Finance ,Finance & Investments ,SUMICHEM,SUMICHEM.NS,SUMICHEM.BO,Sumitomo Chemical India Limited
https://www.screener.in/company/SUNDARMFIN/, Pharmaceuticals ,Pharmaceuticals - Indian - Bulk Drugs & Formln ,SUNDARMFIN,SUNDARMFIN.NS,SUNDARMFIN.BO,Sundaram Finance Limited
https://www.screener.in/company/SUNPHARMA/, Entertainment ,Entertainment / Electronic Media Software ,SUNPHARMA,SUNPHARMA.NS,SUNPHARMA.BO,Sun Pharmaceutical Industries Limited
https://www.screener.in/company/SUNTV/, Plastic products ,Plastics Products ,SUNTV,SUNTV.NS,SUNTV.BO,Sun TV Network Limited
https://www.screener.in/company/SUPREMEIND/, Pharmaceuticals ,Pharmaceuticals - Indian - Bulk Drugs & Formln ,SUPREMEIND,SUPREMEIND.NS,SUPREMEIND.BO,The Supreme Industries Limited
https://www.screener.in/company/SUVENPHAR/, Capital Goods - Electrical Equipment ,Electric Equipment ,SUVENPHAR,SUVENPHAR.NS,SUVENPHAR.BO,Suven Pharmaceuticals Limited
https://www.screener.in/company/SUZLON/, Diversified ,Diversified - Medium / Small ,SUZLON,SUZLON.NS,SUZLON.BO,Suzlon Energy Limited
https://www.screener.in/company/SWANENERGY/, Infrastructure Developers & Operators ,Engineering - Turnkey Services ,SWANENERGY,SWANENERGY.NS,SWANENERGY.BO,Swan Energy Limited
https://www.screener.in/company/SWSOLAR/, IT - Software ,Computers - Software - Medium / Small ,SWSOLAR,SWSOLAR.NS,SWSOLAR.BO,Sterling and Wilson Renewable Energy Limited
https://www.screener.in/company/TANLA/, Chemicals ,Chemicals ,TANLA,TANLA.NS,TANLA.BO,Tanla Solutions Limited
https://www.screener.in/company/TATACHEM/, Telecomm-Service ,Telecommunications - Service Provider ,TATACHEM,TATACHEM.NS,TATACHEM.BO,Tata Chemicals Limited
https://www.screener.in/company/TATACOMM/, Plantation & Plantation Products ,Tea ,TATACOMM,TATACOMM.NS,TATACOMM.BO,Tata Communications Limited
https://www.screener.in/company/TATACONSUM/, IT - Software ,Computers - Software - Medium / Small ,TATACONSUM,TATACONSUM.NS,TATACONSUM.BO,Tata Consumer Products Limited
https://www.screener.in/company/TATAELXSI/, Finance ,Finance & Investments ,TATAELXSI,TATAELXSI.NS,TATAELXSI.BO,Tata Elxsi Limited
https://www.screener.in/company/TATAINVEST/, Automobile ,Automobiles - LCVs / HCVs ,TATAINVEST,TATAINVEST.NS,TATAINVEST.BO,Tata Investment Corporation Limited
https://www.screener.in/company/TATAMOTORS/, Power Generation & Distribution ,Power Generation And Supply ,TATAMOTORS,TATAMOTORS.NS,TATAMOTORS.BO,Tata Motors Limited
https://www.screener.in/company/TATAPOWER/,Steel,Steel - Large ,TATAPOWER,TATAPOWER.NS,TATAPOWER.BO,The Tata Power Company Limited
https://www.screener.in/company/TATASTLBSL/, IT - Software ,Computers - Software - Medium / Small ,TATASTLBSL,TATASTEEL.NS,TATASTEEL.BO,Tata Steel Limited
https://www.screener.in/company/TATATECH/, IT - Software ,Computers - Software - Large ,TATATECH,TATATECH.NS,TATATECH.BO,Tata Technologies Limited
https://www.screener.in/company/TCS/, IT - Software ,Computers - Software - Large ,TCS,TCS.NS,TCS.BO,Tata Consultancy Services Limited
https://www.screener.in/company/TECHM/, Telecomm Equipment & Infra Services ,Telecommunications - Equipment ,TECHM,TECHM.NS,TECHM.BO,Tech Mahindra Limited
https://www.screener.in/company/TEJASNET/, Steel ,Steel - Large ,TEJASNET,TEJASNET.NS,TEJASNET.BO,Tejas Networks Limited
https://www.screener.in/company/TIINDIA/, Bearings ,Bearings ,TIINDIA,TIINDIA.NS,TIINDIA.BO,Tube Investments of India Limited
https://www.screener.in/company/TIMKEN/,Capital Goods - Non Electrical Equipment,Engineering,TIMKEN,TIMKEN.NS,TIMKEN.BO,Timken India Limited
https://www.screener.in/company/TITAGARH/consolidated/," Diamond, Gems and Jewellery ",Diamond Cutting / Jewellery ,TITAGARH,TITAGARH.NS,TITAGARH.BO,Titagarh Wagons Limited
https://www.screener.in/company/TITAN/, Pharmaceuticals ,Pharmaceuticals - Indian - Formulations ,TITAN,TITAN.NS,TITAN.BO,Titan Company Limited
https://www.screener.in/company/TORNTPHARM/, Power Generation & Distribution ,Power Generation And Supply ,TORNTPHARM,TORNTPHARM.NS,TORNTPHARM.BO,Torrent Pharmaceuticals Limited
https://www.screener.in/company/TORNTPOWER/, Retail ,Trading ,TORNTPOWER,TORNTPOWER.NS,TORNTPOWER.BO,Torrent Power Limited
https://www.screener.in/company/TRENT/, Textiles ,Textiles - Cotton/Blended ,TRENT,TRENT.NS,TRENT.BO,Trent Limited
https://www.screener.in/company/TRIDENT/, Capital Goods - Electrical Equipment ,Electric Equipment ,TRIDENT,TRIDENT.NS,TRIDENT.BO,Trident Limited
https://www.screener.in/company/TRITURBINE/, Sugar ,Sugar ,TRITURBINE,TRITURBINE.NS,TRITURBINE.BO,Triveni Turbine Limited
https://www.screener.in/company/TRIVENI/, Telecomm-Service ,Telecommunications - Service Provider ,TRIVENI,TRIVENI.NS,TRIVENI.BO,Triveni Engineering & Industries Limited
https://www.screener.in/company/TTML/, Finance ,Finance & Investments ,TTML,TTML.NS,TTML.BO,Tata Teleservices (Maharashtra) Limited
https://www.screener.in/company/TVSHLTD/, Automobile ,Automobiles - Motorcycles / Mopeds ,TVSHLTD,TVSHLTD.NS,TVSHLTD.BO,TVS Holdings Limited 
https://www.screener.in/company/TVSMOTOR/, Banks ,Banks - Public Sector ,TVSMOTOR,TVSMOTOR.NS,TVSMOTOR.BO,TVS Motor Company Limited
https://www.screener.in/company/UCOBANK/, Cement ,Cement - North India ,UCOBANK,UCOBANK.NS,UCOBANK.BO,UCO Bank
https://www.screener.in/company/ULTRACEMCO/, Banks ,Banks - Public Sector ,ULTRACEMCO,ULTRACEMCO.NS,ULTRACEMCO.BO,UltraTech Cement Limited
https://www.screener.in/company/UNIONBANK/, Alcoholic Beverages ,Breweries & Distilleries ,UNIONBANK,UNIONBANK.NS,UNIONBANK.BO,Union Bank of India
https://www.screener.in/company/UNITDSPR/, Agro Chemicals ,Pesticides / Agrochemicals - Indian ,UNITDSPR,UNITDSPR.NS,UNITDSPR.BO,UNITED SPIRITS LIMITED
https://www.screener.in/company/UPL/, FMCG ,Food - Processing - Indian ,UPL,UPL.NS,UPL.BO,UPL Limited
https://www.screener.in/company/VBL/, Mining & Mineral products ,Mining / Minerals / Metals ,VBL,VBL.NS,VBL.BO,Varun Beverages Limited
https://www.screener.in/company/VEDL/, Chemicals ,Chemicals ,VEDL,VEDL.NS,VEDL.BO,Vedanta Limited
https://www.screener.in/company/VINATIORGA/, Consumer Durables ,Air-conditioners ,VINATIORGA,VINATIORGA.NS,VINATIORGA.BO,Vinati Organics Limited
https://www.screener.in/company/VOLTAS/, Textiles ,Textiles - Products ,VOLTAS,VOLTAS.NS,VOLTAS.BO,Voltas Limited
https://www.screener.in/company/WELSPUNLIV/, Consumer Durables ,Domestic Appliances ,WELSPUNLIV,WELSPUNLIV.NS,WELSPUNLIV.BO,Welspun Living Limited
https://www.screener.in/company/WHIRLPOOL/, IT - Software ,Computers - Software - Large ,WHIRLPOOL,WHIRLPOOL.NS,WHIRLPOOL.BO,Whirlpool of India Limited
https://www.screener.in/company/WIPRO/, Banks ,Banks - Private Sector ,WIPRO,WIPRO.NS,WIPRO.BO,Wipro Limited
https://www.screener.in/company/YESBANK/, Entertainment ,Entertainment / Electronic Media Software ,YESBANK,YESBANK.NS,YESBANK.BO,Yes Bank Limited
https://www.screener.in/company/ZEEL/, IT - Software ,Computers - Software - Medium / Small ,ZEEL,ZEEL.NS,ZEEL.BO,Zee Entertainment Enterprises Limited
https://www.screener.in/company/ZENSARTECH/, E-Commerce/App based Aggregator ,Miscellaneous ,ZENSARTECH,ZENSARTECH.NS,ZENSARTECH.BO,Zensar Technologies Limited
https://www.screener.in/company/ZOMATO/, Pharmaceuticals ,Pharmaceuticals - Indian - Bulk Drugs & Formln ,ZOMATO,ZOMATO.NS,ZOMATO.BO,Zomato Limited
https://www.screener.in/company/ZYDUSLIFE/,Auto Ancillaries ,Auto Ancillaries ,ZYDUSLIFE,ZYDUSLIFE.NS,ZYDUSLIFE.BO, Zydus Lifesciences Limited
